Product Name ,Nav Number ,Quantity ,Area,Location,SUB-LOCATION,MIN QTY
Guillotine Cutter Motor 7.5kw 7.543TECAB3-IE3,O-1315,2,RC,Rack A4,Pallet,2
Panelboard Main Curcuit Breaker 4 Way 400A,O-1615,1,RC,Rack B2,Pallet,1
PVC Vacuum Ducting x 10m 76mm,O-1616,10,RC,Rack B3,Pallet,1
Take Of Roller Coupling,O-0945,8,RC,Rack B6,Crate,1
Servo Motor For Guillotine,O-1314,1,RC,Rack B8,Pallet,1
Glue Extruder Motor,O-1010,1,RC,Rack C1,Pallet,1
Lamination Mould Unit Motor,O-1166,1,RC,Rack C2,Pallet,1
Motor For Blowers 15kw,O-1059,2,RC,Rack C2,Pallet,1
Plate Heat Exchanger,O-1162,1,RC,Rack C3,Crate,1
Elevator Bucket 180x140x1.6,O-0875,50,RC,Rack C4,Pallet,1
Conveyer Bucket Bolts,O-0393,200,RC,Rack C4,Pallet,1
Conveyer Elevation Belt 210mm 30m,O-1378,30,RC,Rack C4,Pallet,1
Bibby Couplings,O-1031,4,RC,Rack C5,Pallet,1
TSF Motor & Gearbox - NON UPGRADED,O-1173,3,RC,Rack C6,Crate,1
Motor for Paxton Blower,O-1171,4,RC,Rack C7,Pallet,1
Glue Extruder Motor,O-1092,1,RC,Rack C8,Pallet,1
Mandrel Car Movement Motor,O-1230,1,RC,Rack C8,Pallet,1
Platform Movement Motor,O-1062,1,RC,Rack C8,Pallet,1
Gearbox For 250 Extruder SFLA 300,O-0939,2,RC,Rack D1,Crate,1
TSF Motor & Gearbox,O-1058,0,RC,Rack D2,Pallet,1
Take Off Motor & G-Box,O-0956,5,RC,Rack D2,Pallet,1
Gearbox for 95 TSE,O-0953,3,RC,Rack D3,Pallet,1
Extruder Couplings 95 G-Box,O-0923,11,RC,Rack D3,Pallet,1
Gearbox for 95 TSE,O-0953,3,RC,Rack D4,Pallet,1
250 Extruder Pulley 335,O-1649,0,RC,Rack D5,Pallet,1
Bush for 250 Extruder Pulley 335,O-1650,0,RC,Rack D5,Pallet,1
250 Extruder Pulley 315,O-1651,0,RC,Rack D5,Pallet,1
Bush for 250 Extruder Pulley 315,O-1652,0,RC,Rack D5,Pallet,1
Hydraulic Powerpack,O-1653,0,RC,Rack D6,Pallet,1
Gearbox for 95 TSE,O-0953,1,RC,Rack D6,Pallet,1
Extruder Motor TSE 95 & 250,O-0069,2,RC,Rack D7,Pallet,1
250 Extruder Motor,O-0831,0,RC,Rack D8,Pallet,1
250 Extruder Pulley 400,O-1371,1,RC,Rack D8,Pallet,1
Conveyer Straight,O-1654,0,RC,Rack E2,Crate,1
Tool Temp Heating and Cooling Unit TT508X,O-1655,0,RC,Rack E3,Crate,1
Conveyer Up & Over,O-1656,0,RC,Rack E4,Crate,1
Loading System Pipes,O-1252,47,RC,Rack E5,Crate,1
Kogskilde Cyclone,O-1334,1,RC,Rack E5,Crate,1
Glue Extruder Barrel SMALL,O-0647,7,RC,Rack F1,Crate,1
Glue Extruder Barrel LARGE,O-0648,3,RC,Rack F1,Crate,1
TSE 95 G-Box Oil Pump Motor,O-1037,6,RC,Rack F2,Crate,1
Production Plafrom Scales,O-1214,3,RC,Rack F2,Pallet,1
Production Platform Scales Display - Callibrated,O-1213,2,RC,Rack F2,Pallet,1
Teflon Coated Plates,O-0692,3,RC,Rack F3,Pallet,1
Motor 1.5kw Siemens,O-0056,1,RC,Rack F3,Pallet,1
Rotary Valve Feeding Unit PE Feeding,O-1242,9,RC,Rack F4,Pallet,1
Centrifugal Pump,O-0068,4,RC,Rack F4,Pallet,1
Guillotine Upper Blade POS 8,O-1261,1,RC,Rack F5,Crate,1
Guillotine Lower Blade POS 2,O-1264,1,RC,Rack F5,Crate,1
Bearing 2234E,O-0134,1,RC,Rack F5,Crate,1
Guillotine Guide POS 13,O-1269,1,RC,Rack F5,Crate,1
Take Off Motor & G-Box NEW,O-0956,5,RC,Rack G1,Pallet,1
Spring Loaded Steel Rollers,O-1216,6,RC,Rack G1,Crate,1
Spring Loaded Steel Rollers,O-0319,32,RC,Rack G1,Crate,1
Spring Loaded Steel Rollers,O-1215,15,RC,Rack G1,Crate,1
Vortex Dust Collector DC-1100A,O-1663,0,RC,Rack G1,Crate,1
Gravity Rollers - NEW,O-0991,53,RC,Rack G2,Crate,1
Cooling Rollers - USED,O-1249,8,RC,Rack G3,Crate,1
Gravity Rollers Small - NEW,O-1177,6,RC,Rack G3,Crate,1
Gravity Rollers Small - USED,O-1177B,31,RC,Rack G3,Pallet,1
Belt Locking Machine,O-1622,1,RC,Rack G3,Crate,1
ABB Motor 37kw,O-1231,1,RC,Rack G4,Pallet,1
Schneider Metalclad Distribution Board,O-1419,0,RC,Rack G4,Crate,1
Heat Exchanger Barrel,O-1163,2,RC,Rack G4,Crate,1
PF Rolers With Spikes,O-1030,8,RC,Rack G5,Crate,1
CMG Granulator,O-1186,3,RC,Rach H1,Pallet,1
Pannel Weather Station,O-1613,1,RC,Rack H1,Pallet,1
Shini Hoppers For Loading System,O-1274,2,RC,Rack H2,Pallet,1
Shini Loading System Medium,O-1002,3,RC,Rack H2,Crate,1
Gear Pump Drive,O-1223,1,RC,Rack H3,Crate,1
Mould Unit,O-1257,6,RC,Rack H4,Pallet,1
TSE 95 Hopper For Teflon Coated Plates,O-1175,3,RC,Rack H4,Pallet,1
64 Blower,O-1174,2,RC,Rack H5,Pallet,1
Guillotine Bottom Shaft,O-1609,1,RC,Rack I1,Crate,1
Guillotine Top Shaft,O-1610,1,RC,Rack I1,Crate,1
Guillotine Conveyer Belt,O-1617,1,RC,Rack I1,Crate,1
TSE 95 Screen & Hydraulic Powerpack,O-0951,3,RC,Rack I2,Crate,1
Guillotine Pinon Left Hand Side,O-1612,1,RC,Rack I2,Pallet,1
Guillotine Rack Left Hand Side,O-1611,1,RC,Rack I2,Pallet,1
Lamination Roller 400mm dia QC24421 @ 27mm Duel Flow,O-0961,2,RC,Rack J2,Roller Rack,1
Take Off Roller Top,O-1028,2,RC,Rack J3,Roller Rack,1
Take Off Roller Bottom,O-1029,2,RC,Rack J3,Roller Rack,1
Zinc Galvaanising Spray,O-0837,0,RC,COSHH,Top,1
Spray Contact Adhesive,O-0883,0,RC,COSHH,Top,1
Silicone Sealant CLEAR,O-0754,0,RC,COSHH,Top,1
Shell Gadus S2 V220 Grease,O-1677,10,RC,COSHH,Top,1
Castrol Grease High Temperature,O-0538,0,RC,COSHH,Top,1
Mobil Grease Unirex N3,O-1682,0,RC,COSHH,Top,1
Advanced Air Tool Oil 1l,O-0550,0,RC,COSHH,Bottom,1
Leak Detector Spray,O-1643,10,RC,COSHH,Bottom,1
Fuse 100A 690V,O-0357,4,RC,Blue Cupboard,Left Hand Door,1
Fuse 50A 400V,O-1572,5,RC,Blue Cupboard,Left Hand Door,1
Fuse 40A 500V,O-0628,22,RC,Blue Cupboard,Left Hand Door,1
Fuse 40A 660V,O-0497,4,RC,Blue Cupboard,Left Hand Door,1
Fuse 32A 400V,O-0352,26,RC,Blue Cupboard,Left Hand Door,1
Fuse 30A 500V,O-0353,2,RC,Blue Cupboard,Left Hand Door,1
Fuse 20A 500V,O-0355,14,RC,Blue Cupboard,Left Hand Door,1
Fuse 20A 500V,O-1573,10,,Blue Cupboard,Left Hand Door,1
Fuse 16A 500V,O-0361,6,RC,Blue Cupboard,Left Hand Door,1
Fuse 13A (Plug Fuse),O-0490,10,RC,Blue Cupboard,Left Hand Door,1
Fuse 10A 500V,O-0359,12,RC,Blue Cupboard,Left Hand Door,1
Fuse 8A 500V,O-0358,7,RC,Blue Cupboard,Left Hand Door,1
Fuse 6A 240V,O-0363,4,RC,Blue Cupboard,Left Hand Door,1
Fuse 4A 500V,O-0356,13,RC,Blue Cupboard,Left Hand Door,1
Fuse 3A (Plug Fuse),O-0489,0,RC,Blue Cupboard,Left Hand Door,1
Fuse 2A 600V,O-0362,2,RC,Blue Cupboard,Left Hand Door,1
Fuse 2A 500V,O-0354,13,RC,Blue Cupboard,Left Hand Door,1
Terminal Block 28 - 12 AWG 600V 3 Way,O-0418,34,RC,Blue Cupboard,Left Hand Door,1
Terminal Block 28 - 12 AWG 550V 2 Way,O-0417,18,RC,Blue Cupboard,Left Hand Door,1
Wire Splice Connector 24-12 AWG Tripple,O-0419,10,RC,Blue Cupboard,Left Hand Door,1
Wire Splice Connector 24-12 AWG Double,O-0420,3,RC,Blue Cupboard,Left Hand Door,1
Non Latching Relay DPDT 10A 24V DC,O-0483,5,RC,Blue Cupboard,Left Hand Door,1
Non Latching Realy 10A 2 Pole 240V,O-0522,24,RC,Blue Cupboard,Left Hand Door,1
Non Latching Relay 8A 4 Pole 24V,O-0424,1,RC,Blue Cupboard,Left Hand Door,1
Non Latching Relay 6A 4 Pole 24V,O-0425,1,RC,Blue Cupboard,Left Hand Door,1
Plug In Power Relay 24V 10A DPDT,O-1574,10,RC,Blue Cupboard,Left Hand Door,1
Auxiliary Contact 2NO 2NC,O-0429,1,RC,Blue Cupboard,Left Hand Door,1
Auxiliary Contact 2NC 2NO,O-1575,1,RC,Blue Cupboard,Left Hand Door,1
Relay Socket 7A 250V,O-0430,5,RC,Blue Cupboard,Left Hand Door,1
Contact Block 3SB3 1NC,O-0436,2,RC,Blue Cupboard,Left Hand Door,1
Contact Block Double,O-0435,3,RC,Blue Cupboard,Left Hand Door,1
Contact Block 1NO 600V Single,O-0433,7,RC,Blue Cupboard,Left Hand Door,1
Contact Block 1NO 600V Single,O-0520,1,RC,Blue Cupboard,Left Hand Door,1
Temprature Controller ITC 100VH,O-0571,1,RC,Blue Cupboard,Left Hand Door,1
Flow Regulator 6mm x 6mm,O-0547,2,RC,Blue Cupboard,Left Hand Door,1
ET200SP Module,O-0969,0,RC,Blue Cupboard,Left Hand Door,1
Non Illuminated Red Round Push Button,O-0543,1,RC,Blue Cupboard,Left Hand Door,1
Trimming Drum Guide Eye Shaft Followers,O-0508,10,RC,Blue Cupboard,Right Hand Door,1
Trimming Drum Brake Friction Pads,O-0756,6,RC,Blue Cupboard,Right Hand Door,1
PF Mandrel Springs,O-0882,9,RC,Blue Cupboard,Right Hand Door,1
Flexible Coupling 6mm,O-1099,2,RC,Blue Cupboard,Right Hand Door,1
"Pnumatic Silencer 1/4""",O-0898,0,RC,Blue Cupboard,Right Hand Door,1
"Pnumatic Silencer 1/2""",O-1576,9,RC,Blue Cupboard,Right Hand Door,1
Arm Clamping Knob (M6),O-0545,5,RC,Blue Cupboard,Right Hand Door,1
Copper Tube Splice,O-0456,300,RC,Blue Cupboard,Right Hand Door,1
Door Coupling Exstension,O-0348,3,RC,Blue Cupboard,Right Hand Door,1
Latch (Small),O-0544,2,RC,Blue Cupboard,Right Hand Door,1
Fire rated door hinge 76mm,O-1585,2,RC,Blue Cupboard,Right Hand Door,1
Grease Nipples BSP M5,O-0603,7,RC,Blue Cupboard,Right Hand Door,1
Potentiometer,O-1577,5,RC,Blue Cupboard,Right Hand Door,1
Strip Connector 2A,O-1410,2,RC,Blue Cupboard,Left Hand Door,1
Universal Joint 20-82,O-0869,2,RC,Blue Cupboard,Right Hand Door,1
Universal Joint 14-60,O-1082,7,RC,Blue Cupboard,Right Hand Door,1
Universal Joint 16-68,O-0868,1,RC,Blue Cupboard,Right Hand Door,1
Skip Hook Latch / Saftey Catch,O-1578,8,RC,Blue Cupboard,Right Hand Door,1
"Cutting Discs 4""",O-0610,57,RC,Blue Cupboard,Middle,1
"Cutting Disc 9""",O-0807,14,RC,Blue Cupboard,Floor,1
"Sanding Discs 4"" Grinder P36",O-0609,7,RC,Blue Cupboard,Middle,1
"Sanding Discs 4"" Grinder P60",O-0838,0,RC,Blue Cupboard,Middle,1
Sandpaper P80,O-1579,2,RC,Blue Cupboard,Middle,1
Sandpaper P40,O-1580,1,RC,Blue Cupboard,Middle,1
Sandpaper P60,O-1581,0,RC,Blue Cupboard,Middle,1
Instant Gasket,O-1582,4,RC,Blue Cupboard,Middle,1
Solder Wire 1.2mm,O-0532,4,RC,Blue Cupboard,Middle,1
Shaft Drives / Little Castles,O-0176,3,RC,Blue Cupboard,Middle,1
Heatsink Compound / Metal Oxcide Thermal Paste,O-1583,15,RC,Blue Cupboard,Middle,1
Araldite Adhesive,O-1584,1,RC,Blue Cupboard,Middle,1
PF Adjustment Nuts,O-0175,4,RC,Blue Cupboard,Middle,1
"Plastic Pipe Connections 1 1/2"" / Pipe Clip",O-1586,25,RC,Blue Cupboard,Middle,1
Cylinder Spacers 114mm x 88mm,O-0579,3,RC,Blue Cupboard,Middle,1
U Bolts,O-0749,2,RC,Blue Cupboard,Middle,1
Clamping Knob,O-0531,9,RC,Blue Cupboard,Middle,1
Clamping Leaver M10 x 20,O-1587,10,RC,Blue Cupboard,Middle,1
Clamping Leaver M10 x 50,O-1588,4,RC,Blue Cupboard,Middle,1
"Ball Valve 1/4""",O-0556,5,RC,Blue Cupboard,Middle,1
Ball Valve 45mm,O-0315,1,RC,Blue Cupboard,Middle,1
Pipe Clamps 160mm Dia,O-1589,6,RC,Blue Cupboard,Middle,1
"Silencer 1/4"" BSPP",O-1590,4,RC,Blue Cupboard,Middle,1
"Silencer 1/2"" BSPP",O-1591,2,RC,Blue Cupboard,Middle,1
Silencer Small,O-1592,41,RC,Blue Cupboard,Middle,1
TSF Control Board,O-1319,2,RC,Blue Cupboard,Floor,1
Anti Static Tinsel,O-0594,1,RC,Blue Cupboard,Floor,1
Lamination Roller 30mm 400mm dia,O-1606,0,L1,On L1,Floor,1
Large Shini Loading System & Hopper,O-1003,2,RC,By Shelf LO13 On Floor,Crate,1
Plate Heaters 8200W 380V Zone 7,O-0325,3,RC,LO01,Crate,1
Plate Heaters 7300W 380V Zone 7,O-0335,2,RC,LO01,Crate,1
Plate Heaters 4000w 380v Zone 8,O-1060,2,RC,LO01,Crate,1
Plate Heaters 6200w 380v Zone 8,O-1061,3,RC,LO01,Crate,1
Band Heaters 600W 380V 100x50,O-0330,1,RC,LO01,Blue Box,1
Band Heaters 1100W 380V 115x75,O-0331,1,RC,LO01,Blue Box,1
Band Heaters 800W 230V 7/19,O-0327,2,RC,LO01,Blue Box,1
Band Heaters 750W 380V 6 BAND,O-0028,10,RC,LO01,Blue Box,1
Band Heaters 300W 240V 9/19,O-0329,9,RC,LO01,Blue Box,1
T Die Heating Elements Band Heaters,O-0338,10,RC,LO01,Blue Box,1
Band Heaters 2200W 380V 102 135x50,O-0334,5,RC,LO01,Blue Box,1
Band Heaters 900W 230V 8/18,O-0328,3,RC,LO01,Blue Box,1
Band Heaters 750W 380V 5/16 Knuckle Gluie Extruder Pipe,O-0793,12,RC,LO01,Blue Box,1
Band Heaters 2200W 380V 7/16 Glue Exteruder,O-0762,6,RC,LO01,Blue Box,1
Band Heaters 1750W 240V 2/19,O-0745,3,RC,LO01,Blue Box,1
Line 2 Glue Extruder Heaters 8000W 400V,O-0863,1,RC,LO01,Blue Box,1
Band Heaters 1200W 230V 95 Extruder Outlet Pipe,O-0333,20,RC,LO01,Box,1
Glue Extruder Heating Tubes LARGE,O-1011,8,RC,LO01,Blue Box,1
Glue Extruder Heating Tube SMALL & 250 Extruder,O-1012,7,RC,LO01,Blue Box,1
Band Heaters 1500W 415V (3 holes),O-1431,0,RC,LO01,Blue Box,1
Band Heaters 1600W 380V 2/20,O-0332,7,RC,LO02,Box,1
Band Heaters 750W 400V Glue Extruder 90 x 90,O-0823,26,RC,LO02,Box,1
Plate Heaters 1300W 380V Glue Extruder Left Hand,O-1292,2,RC,LO02,Box,1
Plate Heaters 1300W 380V Glue Extruder Right Hand,O-1293,2,RC,LO02,Box,1
Ceramic Knuckle Band Heater 2200 x 230,O-0904,1,RC,LO02,RS Box,1
Ceramic Knuckle Band Heater 4600 x 430,O-0905,2,RC,LO02,RS Box,1
Band Heaters 1200W 400V 160 x 70 (3 holes),O-0825,3,RC,LO02,Box,1
Band Heater For Extruder Nozzle 1750W 240V 7/20,O-0744,2,RC,LO02,Box,1
Glue Extruder Interconnection Pipe Heaters L2,O-0971,4,RC,LO02,Box,1
2 Pin Plugs For Heaters,O-0391,2,RC,LO02,Blue Box,1
Band Heaters 4800W 380V 250 Extruder,O-0746,9,RC,LO02,Blue Box,1
Band Heaters 1600W 400V,O-0824,16,RC,LO02,Box x 2,1
TSF Heating Pipes,O-1432,0,RC,LO02,Box x 2,1
Band Heaters 1695W 400V,O-1433,0,RC,LO02,Box x 2,1
Plate Heater BOTTOM 4KW For 95 Twin Screw,O-0040,16,RC,LO03,Box x 3,1
90mm Twin Screw Plate Heater BOTTOM 5KW - CURRENT,O-1434,0,RC,LO03,Box x 4,1
90mm Twin Screw Plate Heater TOP 4KW,O-1312,15,RC,LO03,Box x 5,1
Zone 1 Plate Heater 7KW (Brass),O-1435,0,RC,LO02,Box x 6,1
90mm Twin Screw Plate Heaters For Screen,O-1436,0,RC,LO03,Box x 7,1
Plate Heaters For Vacum Pump Connection,O-1437,0,RC,LO03,Box x 8,1
Plate Heaters 240V 2KW,O-1438,0,RC,LO03,Box x 9,1
Cartridge Heater 550W 380V 3/15,O-0339,11,RC,LO03,Red Box,1
Cartridge Heater 1100W 380V,O-1439,0,RC,LO03,Blue Box,1
Cartridge Heater 1100W 220V,O-1440,0,RC,LO03,Blue Box,1
Cartridge Heater 1500W 220V Type C,O-1441,0,RC,LO03,Red Box,1
Cartridge Heater 1300W 380V,O-0340,2,RC,LO03,Blue Box,1
Cartridge Heater For 5t Gear Pump,O-0920,5,RC,LO03,Blue Box,1
Cartridge Heater For Outlet,O-0932,7,RC,LO03,Blue Box,1
Cartridge Heater Tubes 220V 800W,O-0942,4,RC,LO03,Blue Box,1
SMALL Filters for Shini Loading System,O-0587,10,RC,LO04,Blue Box,1
MEDIUM Filters for Shini Loading Systrem,O-0586,22,RC,LO04,Blue Box,1
LARGE Filters for Shini Loading System,O-1000,16,RC,LO04,Blue Box,1
Mink Brushes Segments Fully Brushed (BRUSH ROLLER),O-0270,251,RC,LO05,Box,1
Mink Brushes Segments Part Brushed (BRUSH ROLLER),O-0271,102,RC,LO05,Box,1
Mink Brushes Segments Fully Brushed (BRUSH ROLLER) HIG TEMP,O-1442,0,RC,LO05,Box,1
Mink Brushes Flat Brushed Segments 500mm Legnth 100mm Width,O-0274,30,RC,LO05,Box & Black Crate,1
Mink Brushes Small Swivle Brushes,O-0273,17,RC,LO05,Blue Box,1
Filter Hats BP82006000044 For 5HP Loader,O-1132,6,RC,LO06,Box,1
Steel Mesh T1 For Shini Filter Screen LARGE,O-0990,3,RC,LO06,Box,1
Steel Mesh For Shini Loading System SMALL,O-0988,18,RC,LO06,Box,1
Shini Rubber Lip Seal,O-1443,0,RC,LO06,Box,1
Shini Clips,O-1444,0,RC,LO06,Box,1
Filters for Small Kaeser Compressor 630142,O-0958,2,RC,LO06,Box,1
CPC Hydraulic Power Pack Filter,O-1147,3,RC,LO06,Box,1
Air Filter forASK 40 Kaeser Compressors Internal LARGE,O-1236,4,RC,LO06,Box,2
Filter for Kaeser Compressors Internal SMALL,O-1445,0,RC,LO06,Box,2
Air Filter For SX6 Compressor - WORKSHOP,O-1446,0,RC,LO06,Box,2
Drain Unit For Kaeser Compressor 8.2561.2,O-1447,2,RC,LO06,Box,2
Filter for Kaeser Compressors,O-1448,0,RC,LO06,Box,2
Filter For Kaeser Compressor (Oil Spin On),O-1449,0,RC,LO06,Box,2
250 Extruder Gearbox Filter,O-1043,3,RC,LO06,Box,2
ABB Drive Pannel Filter,O-0833,0,RC,LO06,Box,2
Panel Filter - For Motor by Silo For T-Die Extraction,O-1143,12,RC,LO06,Box,24
Compressed Air - Oil Seperation Filter,O-1451,0,RC,LO06,Red Box,2
Oil Filter,O-1452,0,RC,LO06,Red Box,2
Filter Mesh 677-2 For Compressors,O-0584,0,RC,LO06,Red Box,2
Filter Mesh 244-2 For Compressors,O-0585,0,RC,LO06,Red Box,2
Filter HVAC Cover Black,O-0549,12,RC,LO06,Red Box,2
Air Filter for Fini Compressor (CNC Platform),O-1453,0,RC,LO06,Red Box,2
Oil Filter for Fini Compressor (CNC Platorm),O-1454,0,RC,LO06,Red Box,2
Oil Seperation Cartridge Kit ASK22 - Service Kit,O-1455,0,RC,LO06,Red Box,2
Oil Seperation Element Kit ASK40 - Service Kit,O-1456,0,RC,LO06,Red Box,2
Oil Seperator Filter for Compressor on CNC Platform - CORRECT ONE,O-1457,0,RC,LO06,Red Box,2
Oil Sperator SK6 Compressor in Workshop,O-1458,0,RC,LO06,Red Box,2
Air Filter For SX6 Compressor,O-1459,0,RC,LO06,Red Box,2
Air / Water Filter For Kaeser Compressors,O-1460,0,RC,LO06,Red Box,2
Kaeser Seal Kit,O-1593,0,RC,LO06,Clear Zip Bag,2
Oil Filter For Workshop Compressor,O-1594,0,RC,LO06,Clear Zip Bag,2
Compressor Service Unit 8.2474.01890,O-1598,2,RC,LO06,Clear Zip Bag,2
Seals 210-240-15,O-0246,9,RC,LO07,Red Box,2
Seals 150-180-13,O-0249,10,RC,LO07,Blue Box,2
Seals 175-200-15,O-0247,12,RC,LO07,Red Box,2
Seals 175-200-15,O-0248,3,RC,LO07,Red Box,2
Seals 230-260-15,O-0244,2,RC,LO07,Blue Box,2
Seals 230-260-15,O-0245,9,RC,LO07,Blue Box,2
Seals 130-160-12 For Take Off Roller,O-0263,21,RC,LO07,Blue Box,2
Seals 130-160-12 For Guillotine / Take Off Roller,O-1461,0,RC,LO07,Blue Box,2
Seals 80-100-10,O-1462,30,RC,LO07,Blue Box,2
Seals 60-75-10,O-0255,8,RC,LO07,Blue Box,2
Seals 60-75-10,O-0256,10,RC,LO07,Blue Box,2
Seals 72-140-12,O-0258,3,RC,LO07,Blue Box,2
Seals PIA 80-100-12,O-0254,3,RC,LO07,Blue Box,2
Seals 85-110-13,O-0253,4,RC,LO07,Blue Box,2
Seals 105-135-13,O-0251,4,RC,LO07,Blue Box,2
Seals 100-125-13 For TSF Shaft,O-0264,8,RC,LO07,Blue Box,2
Seals 90-120-13 - For 95 Extruder Drive,O-0252,22,RC,LO07,Blue Box,2
Seals 90-120-12 - 90mm Extruder Imput Shaft Seals,O-0509,24,RC,LO07,Blue Box,2
Seals 135-165-14,O-0250,1,RC,LO07,Blue Box,2
Seals 125 With Lip OD 1602mm,O-0259,9,RC,LO07,Blue Box,2
Seals 120-150-13,O-0269,2,RC,LO07,Blue Box,2
Seals 60-82-12 For 95 Extruder Output,O-1224,20,RC,LO07,Blue Box,2
Seals 60-85-10 For Conveyer,O-1404,1,RC,LO07,Blue Box,2
Seals 95-120-12 For 250 Extruder Gear Box,O-1426,4,RC,LO07,Blue Box,2
Seals 60-75-9 For 95 Extruder,O-1463,0,RC,LO07,Blue Box,2
Seals 60-75-08 Viton,O-0267,2,RC,LO07,Red Box,2
Seals 60-75-08 For Guillotine,O-1464,0,RC,LO07,Red Box,2
Seals 50-65-7,O-0257,5,RC,LO07,Blue Box,2
Seals 50-70-10 Trimming Drum Seals,O-0266,11,RC,LO07,Blue Box,2
Seals 35-45-7 For Plastic Feeder Unit,O-1304,4,RC,LO07,Blue Box,2
Seals 80-110-10 For Guillotine Blade Shaft,O-1465,0,RC,LO07,Blue Box,2
Seals Round Rubber Seal For Extruder 95,O-1466,0,RC,LO07,Blue Box,2
Seals for Guillotine Brake Unit & PF Brake Unit SMALL,O-1467,0,RC,LO07,Blue Box,2
Seals for Guillotine Brake Unit & PF Brake Unit LARGE,O-1468,0,RC,LO07,Blue Box,2
Seals 90-06-08 for Lamination Ram,O-1486,0,RC,LO07,Blue Box,2
Seals 150 x 3 For Lamination Ram Top & Bottom,O-1487,0,RC,LO07,Blue Box,2
Seal Kit For Mandrel Clamping Ram,O-1621,4,RC,LO07,Blue Box,2
Springs 600mm Length 40mm Dia HARD,O-0174,23,RC,LO07,Blue Box,2
Springs 200mm Legnth 50mm O Dia,O-0172,6,RC,LO07,Blue Box,2
Springs 75mm Legnth 35mm O Dia,O-0173,7,RC,LO07,Blue Box,2
Springs 71mm Legnth 14.5mm,O-1469,0,RC,LO07,Blue Box,2
Springs 75mm Legnth 16mm,O-1470,0,RC,LO07,Blue Box,2
Directional Spool Valve,O-0307,2,RC,LO07,Red Box,2
Directional Spool Valve For Mandrel Clamp / Main Hydraulic Power Pack Solenoid,O-1009,2,RC,LO07,Blue Box,2
Maintenece Plugs SMALL,O-1471,0,RC,LO07,Blue Box,2
Maintenece Plugs LARGE,O-1472,0,RC,LO07,Blue Box,2
PTFE Thread Seal Tape,O-0602,35,RC,LO07,Blue Box,2
PTFE Thread Seal Tape - GAS - Yellow,O-1114,24,RC,LO07,Blue Box,2
Belt Tensioner,O-0188,2,RC,LO07,Blue Box,2
Rotary Paddles for Rotary Unit 64 Blower,O-1145,30,RC,LO07,Blue Box,2
Site Glass 150mm O Dia,O-0166,6,RC,LO07,Blue Box,2
Pipe Repair Kit 150mm - 300mm,O-1074,2,RC,LO07,Blue Box,2
Pipe Repair Kit 100mm - 150mm,O-1075,1,RC,LO07,Blue Box,2
Pipe Repair Kit 50mm - 100mm,O-1076,1,RC,LO07,Blue Box,2
Two Bolt Cleats,O-0617,19,RC,LO07,Blue Box,2
One Bolt Cleats,O-1473,3,RC,LO07,Blue Box,2
One Bolt Cleats,O-1474,0,RC,LO07,Blue Box,2
Jubalee O Clips 15 - 18 - O CLIPS,O-1475,0,RC,LO07,Blue Box,2
Jubalee Clips 16 - 27,O-1476,0,RC,LO07,Blue Box,2
Jubalee Clips 20 - 32,O-1477,29,RC,LO07,Blue Box,2
Jubalee Clips 20 - 50,O-1478,0,RC,LO07,Blue Box,2
Jubalee Clips 25 - 40,O-1479,0,RC,LO07,Blue Box,2
Jubalee Clips 10 - 16,O-1480,0,RC,LO07,Blue Box,2
Jubalee Clips 12 -20,O-1481,0,RC,LO07,Blue Box,2
Jubalee Clips 40 - 60,O-1482,0,RC,LO07,Blue Box,2
Jubalee Clips 40 - 80,O-0879,7,RC,LO07,Blue Box,2
Jubalee Clips 70 - 120,O-1483,0,RC,LO07,Blue Box,2
Jubalee Clips 110 - 170,O-1484,0,RC,LO07,Blue Box,2
Steel Cable Ties 250 x 4.6,O-0516,200,RC,LO07,Blue Box,2
Steel Cable Ties 200 x 4.6,O-0518,88,RC,LO07,Blue Box,2
Solenoid Valve For 250 Extruder,O-0392,20,RC,LO07,Blue Box,2
Refill Grease For Auto Lubricator 125ml,O-1182,6,RC,LO07,Blue Box,2
Refill Grease For Auto Lubricator 250ml,O-1485,0,RC,LO07,Blue Box,2
Adjustable Feet M10 75mm 50mm Dia,O-0192,11,RC,LO07,Blue Box,2
Autogreaser Connectors,O-0577,2,RC,LO07,Blue Box,2
Adjustable Feet M12 25mm 80mm Dia,O-1093,22,RC,LO08,Blue Box,2
Armoured Cable Glands CW 20S,O-1095,2,RC,LO08,Blue Box,2
Armoured Cable Glands CW 20,O-1134,8,RC,LO08,Red Box,2
Armoured Cable Glands BW 20,O-1135,2,RC,LO08,Blue Box,2
Armoured Cable Glands BW 20S,O-0395,3,RC,LO08,Blue Box,2
Armoured Cable Glands CW 25,O-0394,2,RC,LO08,Red Box,2
Armoured Cable Glands CW 32,O-1488,0,RC,LO08,Blue Box,2
Armoured Cable Glands BW 32,O-0396,0,RC,LO08,Red Box,2
Armoured Cable Glands BW 40,O-0397,2,RC,LO08,Red Box,2
Cable Glands 20mm Black,O-0398,28,RC,LO08,Blue Box,2
Cable Glands 25mm Black,O-0399,19,RC,LO08,Blue Box,2
Cable Glands 32mm Black,O-0493,8,RC,LO08,Blue Box,2
Cable Glands 40mm Black,O-1096,22,RC,LO08,Blue Box,2
Cable Glands 40mm Grey,O-0760,16,RC,LO08,Blue Box,2
Cable Glands 50mm Grey,O-1122,2,RC,LO08,Blue Box,2
Cable Glands 63mm Black,O-1065,1,RC,LO08,Red Box,2
Copper Tube Terminals DT150 LUGS,O-0461,23,RC,LO08,Blue Box,2
U Conduit 20MM,O-0753,21,RC,LO08,Red Box,2
Reducers 75 - 89 / 53 - 63,O-1119,6,RC,LO08,Blue Box,2
Grommets 25mm,O-0540,61,RC,LO08,Blue Box,2
Grommets 32mm,O-1489,247,RC,LO08,Blue Box,2
Pressure Gauge 10bar,O-0313,1,RC,LO08,Blue Box,2
Pressure Gauge 10bar,O-0896,4,RC,LO08,Blue Box,2
Pressure Guage 20bar For Kaeser Compressor,O-1490,0,RC,LO08,Blue Box,2
Thermometer Gauge,O-0314,7,RC,LO08,Red Box,2
"Pneumatic Regulator 1/8"" For PF",O-1063,2,RC,LO08,Blue Box,2
Auto Lubrication System 50ml (Conveyer Stsrem),O-1595,3,RC,LO08,Box,2
Auto Lubrication System 2L (Old Type),O-1596,0,RC,LO08,Box,2
Pressure Guage For Extruder 95 Screen Changer,O-1634,4,RC,LO08,Box,2
Air Line 6mm,O-0884,0,RC,LO08,Box,2
Air Line 8mm,O-0847,2,RC,LO08,Box,2
Air Line 10mm,O-0848,0,RC,LO08,Box,2
Air Line 12mm,O-1640,1,RC,LO08,Box,2
Coil Air Line 8mm x 10M,O-0581,0,RC,LO08,Box,2
Bearings UCP 214,O-0122,12,RC,LO09,Box,2
Bearings UCT 214 For PF Lamination Roller,O-1044,7,RC,LO09,Box,2
Bearings UCP 205,O-0121,7,RC,LO09,Box,2
Bearings UCP 204 - 12,O-0123,4,RC,LO09,Box,2
Bearings UCT 208E,O-0116,0,RC,LO09,Box,2
Bearings UCFL 202,O-0124,6,RC,LO09,Box,2
Bearings 23028 E1A M,O-0129,3,RC,LO09,Box,2
Bearings 22228 E1,O-0128,1,RC,LO09,Box,2
Bearings 6319 C3,O-0130,1,RC,LO09,Box,2
Bearings 6011 2ZR C3,O-0146,1,RC,LO09,Box,2
Bearings 6010 2ZR,O-0147,2,RC,LO09,Box,2
Bearings 6007 2Z C3,O-0145,3,RC,LO09,Box,2
Bearings 6206 2ZR C3,O-0148,4,RC,LO09,Box,2
Bearings ST 20,O-0944,3,RC,LO09,Box,2
Bearings SF 60,O-0126,1,RC,LO09,Box,2
Bearings MSB UCT 202,O-0149,2,RC,LO09,Box,2
Bearings MSB UCT 204,O-1491,0,RC,LO09,Box,2
Bearings UCP 210,O-0151,3,RC,LO09,Box,2
Bearings 6308 T11706,O-0144,3,RC,LO09,Box,2
Bearings Single (For Back - Guillotine) 6208 2Z C3,O-0763,0,RC,LO09,Box,2
Bearings UCT 204E,O-0117,5,RC,LO09,Box,2
Bearings UCF 201E,O-0118,2,RC,LO09,Box,2
Bearings UCFE 210,O-0671,8,RC,LO09,Box,2
Bearings UCFE 208,O-0120,0,RC,LO09,Box,2
Bearings SP205 Piller Block,O-1142,9,RC,LO09,Box,2
Bearings 6005 2RSH For Rotary Valve,O-1004,9,RC,LO09,Box,2
Bearings 6202 2RSH,O-0890,3,RC,LO09,Box,2
Bearings UCP 204 20,O-0113,35,RC,LO10,Box,2
Bearings UCP 208,O-0114,8,RC,LO10,Box,2
Bearings UCF 204 Flat Not Pillar Block,O-0115,4,RC,LO10,Box,2
Bearings UCFL 204,O-1407,0,RC,LO10,Box,2
Bearings 32226 For TSF,O-0811,10,RC,LO10,Box,2
Bearings 32222 For TSF,O-0139,12,RC,LO10,Box,2
Bearings 23028 CC/C3W33,O-0132,4,RC,LO10,Box,2
Bearings 23122 CC/W33 For Lamination Roller & Take Off Roller,O-0133,4,RC,LO10,Box,6
Bearings 32317 J2,O-0137,2,RC,LO10,Box,2
Bearings 22310 E/C3 - For Mandrel Clamp Support Bearing Large,O-0135,2,RC,LO10,Box,2
Bearings 32210 For Mandrel Clamp Support Bearing Small,O-1064,8,RC,LO10,Box,2
Bearing SY25TF Bearing Assembly For Lamination Frame,O-0854,8,RC,LO10,Box,2
Bearings 51316 079R,O-0141,2,RC,LO10,Box,2
Bearings 6216 2RS1,O-0143,2,RC,LO10,Box,2
Bearings 6311 2Z / C3,O-1303,2,RC,LO10,Box,2
Bearings 6011 2ZR C3,O-1492,0,RC,LO10,Box,2
Bearings 6308 2RS1,O-0136,3,RC,LO10,Box,2
Bearings 6209 2RS1 / C3 For CMG Granulators,O-0937,7,RC,LO10,Box,2
Bearings Double) 3208 ATN9 For Guillotine Back,O-0764,3,RC,LO10,Box,2
Bearings 7208 BEP BK40 C5 For Guillotine Front,O-0842,4,RC,LO10,Box,2
Bearings 21307,O-0138,3,RC,LO10,Box,2
Bearing For Shini Loader SMALL,O-0998,8,RC,LO10,Box,2
Bearings 32008 X,O-0142,9,RC,LO10,Box,2
Bearing 7208 BE,O-0985,8,RC,LO10,Box,2
Bearings 32006 x/Q - For Trimming Blade,O-1102,5,RC,LO10,Box,2
Bearings 6207 2Z for Shini Loader L1,O-0996,2,RC,LO10,Box,2
Bearings 6301 - For Belt Tensioner Hyundai Forklift,O-1387,2,RC,LO10,Box,2
Bearings 7206 BE 2RZP,O-0140,2,RC,LO10,Box,2
Bearings 22219E For 250 Extruder (Internal),O-1131,2,RC,LO10,Box,2
Bearings NU 318 For 95 Extruder Gearbox,O-1403,1,RC,LO10,Box,2
Bearings 6004 2Z For Plastic Feeder 20mm,O-1493,0,RC,LO10,Box,2
Bearings 61807 2RZ For Plastic Feeder 30mm,O-1494,0,RC,LO10,Box,2
Bearings 2309 E 2RS1 TN9 For Guillotine Pos 9,O-1272,12,RC,LO10,Box,2
Bearings 6022 2RS1 For Guillotine,O-1495,0,RC,LO10,Box,2
Bearings 6024 2-RS1 For Guillotine,O-1496,0,RC,LO10,Box,2
Bearings 6210 2Z For Shini Loader,O-1666,6,RC,LO10,Box,2
Linear Bearings W30H Block For Guillotine,O-1298,7,RC,LO10,Box,2
Linear Bearings HGW5 5H For Guillotine LARGE,O-1270,3,RC,LO10,Box,2
Mandrel Coil Bearings LARGE,O-1497,0,RC,LO10,Box,2
Mandrel Coil Bearings SMALL,O-1498,0,RC,LO10,Box,2
Lock Nut KM 34,O-0113,4,RC,LO10,Box,2
Lock Nut KM 28,O-0107,10,RC,LO10,Box,2
Lock Nut KM 22,O-0105,3,RC,LO10,Box,2
Lock Nut KM 22,O-0106,1,RC,LO10,Box,2
Lock Nut AN 22,O-0109,6,RC,LO10,Box,2
Lock Nut AN 18,O-1499,0,RC,LO10,Box,2
Lock Nut KM 18,O-1500,0,RC,LO10,Box,2
Lock Nut AN 17,O-1501,0,RC,LO10,Box,2
Lock Nut KM 17 For Guillotine Shaft,O-1502,0,RC,LO10,Box,2
Lock Nut KM 13 - For Guillotine,O-1503,0,RC,LO10,Box,2
Lock Nut KMT 10 - For Mandrell Shaft,O-0978,0,RC,LO10,Box,2
Lock Nut KM 10 - For Mandrell Coil Shaft,O-0110,6,RC,LO10,Box,2
Lock Nut KM 12,O-1506,0,RC,LO10,Box,2
Lock Nut KM 11,O-1305,2,RC,LO10,Box,2
Lock Nut KM 9,O-1504,0,RC,LO10,Box,2
Lock Nut KM8 - For Trimming Knives,O-1032,9,RC,LO10,Box,2
Lock Washer / Tab Washer MB 28,O-0111,13,RC,LO10,Box,2
Lock Washer / Tab Washer MB 22,O-0112,4,RC,LO10,Box,2
Lock Washer / Tab Washer MB 22,O-0979,0,RC,LO10,Box,2
Lock Washer / Tab Washer MB 18,O-1505,0,RC,LO10,Box,2
Lock Washer / Tab Washer MB 17,O-1507,0,RC,L0110,Box,2
Lock Washer / Tab Washer MB 13,O-1508,0,RC,LO10,Box,2
Lock Washer / Tab Washer MB 12,O-1509,0,RC,LO10,Box,2
Lock Washer / Tab Washer MB 11 - For Mobile Racking,O-1306,2,RC,LO10,Box,2
Lock Washer / Tab Washer MB 10 For Guillotine / Mandrell,O-1069,10,RC,LO10,Box,2
Lock Washer / Tab Washer MB 9 For Guillotine,O-1510,0,RC,LO10,Box,2
Lock Washer / Tab Washer MB 8,O-1414,6,RC,LO10,Box,2
Chain RS100 Duplex TSF Chain,O-0153,2,RC,LO10,Box,2
Chain RS12B Duplex L1 Modified Sprockets,O-0154,2,RC,LO10,Box,2
Chain RS60 Duplex Chain For Mandrills,O-0155,2,RC,LO10,Box,2
Chain RS60 1 RP Single,O-0894,2,Tsubaki,LO10,Box,2
Chain PCH 08B-1 For Brush Rollers,O-1511,2,RC,LO10,Box,2
Chain 16A 1 60L,O-0156,2,RC,LO10,Blue Box,2
Chain Joining Link RS12B Duplex,O-1137,4,RC,LO10,Blue Box,2
Chain Joining Link RS12B-1 Single,O-1512,0,RC,LO10,Blue Box,2
Chain Joining Link RS80 Single,O-0931,18,RC,LO10,Blue Box,2
Chain Joining Link RS100 Duplex,O-0930,5,RC,LO10,Blue Box,2
Chain Joining Link RS60 Duplex,O-0929,10,RC,LO10,Blue Box,2
Chain Joining Link RS60 Single,O-0928,10,RC,LO10,Blue Box,2
Chain Joining Link RS08B-1 Single For Brush Roller Chain,O-1513,0,RC,LO10,Blue Box,2
Chain Tensioner,O-0463,3,RC,LO10,Blue Box,2
"Couplers 1 1/4""",O-1514,0,RC,LO10,Blue Box,2
Louvres 250mm,O-1070,3,RC,LO11,Blue Box,2
Louvres 100mm,O-1515,0,RC,LO11,Blue Box,2
Extruder Outlet Flange,O-1118,2,RC,LO11,Blue Box,2
Stainless Steel Elbow 102mm 90 Degree,O-1516,0,RC,LO11,Blue Box,2
Elbow 90 Degree Small OD 85mm,O-1517,0,RC,LO11,Blue Box,2
Elbow 90 Degree Small OD 45mm,O-1518,0,RC,LO11,Blue Box,2
250Extruder Seal T-Die Side (Bronze),O-1050,4,RC,LO11,Blue Box,2
250Extruder Seal Barrel Side (Bronze),O-1519,0,RC,LO11,Blue Box,2
Trimming knife shafts (short),O-1113,1,,LO11,Blue Box,2
Trimming knife shafts (long),O-1112,1,RC,LO11,Blue Box,2
PE Loader Screw,O-1201,2,RC,LO11,Blue Box,2
Drive Coupling Cover (Pair),O-0305,0,RC,LO11,Blue Box,2
Y Piece Pipe Splitter 1 x 100m od to 2 x 75mm od,O-1520,0,RC,LO11,Blue Box,2
Magnetic Draw Complete UNit,O-0814,1,RC,LO11,Blue Box,2
Magnetic Draw,O-1521,0,RC,LO11,Blue Box,2
Thumb Nut For Magnetic Drawer,O-1522,0,RC,LO11,Blue Box,2
Regrind Shreadder Blades,O-1523,0,RC,LO12,Blue Box,2
Blades Flat Bar,O-0275,5,RC,LO12,Blue Box,2
Blades Regrind Blades,O-0277,7,RC,LO12,Blue Box,2
Rotating Knives For CMG Granulator,O-1317,47,RC,LO12,Blue Box,2
CMG Granulator Blades Bed Knives,O-1316,29,RC,LO12,Blue Box,2
Blades Flat Bar 205mm Legnth 3mm wide,O-1524,0,RC,LO12,Blue Box,2
Screw Kit For Granulators,O-1318,1,RC,LO12,Blue Box,2
Gulliotine Brush Roller Ram,O-1139,6,RC,LO12,Blue Box,2
Pneumatic double acting cylinder air piston ram,O-1110,1,RC,LO12,Blue Box,2
28-16mm Coupling,O-1392,0,RC,LO12,Blue Box,2
28-12mm Coupling,O-1393,1,RC,LO12,Blue Box,2
Oil Pump for Hydraulic Power Pack Screen Exchangers 95 Extruder,O-1390,2,RC,LO12,Blue Box,2
Gear Pump for 2.2kw Power Pack,O-1391,2,RC,LO12,Blue Box,2
TSE95 Extruder Barrel Cooling Pump L1 & L2,O-0972,1,RC,LO12,Blue Box,2
Siemens IE3 3 MOT Motor,O-0044,1,RC,LO12,Blue Box,2
Trimming Drum Gearbox,O-0832,2,RC,LO12,Blue Box,2
Trimming Drum Clutch,O-1525,0,RC,LO12,Blue Box,2
Rotary Unit Motor,O-1086,1,RC,LO12,Blue Box,2
Hydrolic Powerpack Motor,O-0066,1,RC,LO12,Blue Box,2
Motor For Loading Conveyer,O-1526,0,RC,LO12,Blue Box,2
Glue Dryer Blower Motor,O-1164,1,RC,LO12,Blue Box,2
Glue Extruder Blower Motor L1 (used),O-1092,1,RC,LO12,Blue Box,2
Gear Box For Brush Roller Motors 50,O-0562,5,RC,LO12,Blue Box,2
Gear Box For Brush Roller Motors 30,O-0561,3,RC,LO12,Blue Box,2
Gear Box For Brush Roller Motors 15,O-0563,3,RC,LO12,Blue Box,2
Motor For Brush Rollers,O-0607,7,RC,LO12,Blue Box,2
Pinch Valve,O-0488,1,RC,LO12,Blue Box,2
Pull Rollers For Granulators,O-1413,3,RC,LO12,Blue Box,2
Adjustable Feet Base (Blue) Extruder Platform Feet,O-0312,5,RC,LO12,Blue Box,2
TSE 95 Gearbox Keyway,O-1115,2,RC,LO12,Blue Box,2
Y Piece For Guide Rollers,O-1117,3,RC,LO12,Blue Box,2
Line Guide Rollers,O-1528,0,RC,LO12,Blue Box,2
Guillotine Spacer / Bush Bronze,O-1529,0,RC,LO12,Blue Box,2
Cess Pit Motor,O-1530,0,RC,LO12,Box,2
Coil Hydraulic Power Pack Pump,O-1531,0,RC,LO12,Box,2
Brass Cam Sleve for Guillotine,O-1532,0,RC,LO12,Box,2
TSF Spacer & Circlip,O-1533,0,RC,LO12,Box,2
Guillotine Flywheel,O-1260,2,RC,LO12,Box,2
Guillotine Gib,O-1263,1,RC,LO12,Box,2
Guillotine Cam Part 1,O-1534,0,RC,LO12,Blue Box,2
Guillotine Cam Part 2,O-1535,0,RC,LO13,Blue Box,2
Guillotine Cam Part 3,O-1536,0,RC,LO14,Blue Box,2
Striebig Saw Coupler,O-1537,0,RC,LO12,Blue Box,2
PINION POS.10 REF MANUAL 152.04.09 UN 001,O-1268,0,Engineerin g Lab,Engineering Office,Blue Box,2
ABB 16A Straight Plug,O-1123,2,RC,LO13,Blue Box,2
5 Pin Plug Double Adaptor,O-1661,0,RC,LO13,Blue Box,2
16A Straight Plug,O-1376,2,RC,LO13,Blue Box,2
32A Straight Plug,O-1538,0,RC,LO13,Blue Box,2
Artic Commando Plugs 3 Pin 16A,O-0400,10,RC,LO13,Blue Box,2
Artic Commando Plug 3 Pin 32A,O-1539,0,RC,LO13,Blue Box,2
16A Surf Socket Outdoor,O-1540,0,RC,LO13,Blue Box,2
Magnetic Safety Switch 24V,O-0442,5,RC,LO13,Blue Box,2
Carbon Brushes (For Circular Saws),O-0606,4,RC,LO13,Blue Box,2
Flow Connector Small 3Pin,O-0480,2,RC,LO13,Blue Box,2
Interlock Socket 230V 16A,O-0346,2,RC,LO13,Blue Box,2
Limit Switch 300V IP65 GLCB01A2A,O-0438,11,RC,LO13,Blue Box,2
Limit Switch 300V IP66 GLCB01E7B,O-0437,10,RC,LO13,Blue Box,2
Limit Switch For Blade Up And Down Sensor,O-1541,0,RC,LO13,Blue Box,2
Snap Action Limit Switch 600V IP67 GLAA01A2A,O-0448,0,RC,LO13,Blue Box,2
Limit Switch 500V,O-1222,1,RC,LO13,Blue Box,2
Limit Switch Plunger,O-0453,3,RC,LO13,Blue Box,2
Limit Switch 10A,O-0471,3,RC,LO13,Blue Box,2
Safety Interlock Switch TZ-93C,O-0485,3,RC,LO13,Blue Box,2
Proximity Sensor For Guillotine,O-1235,2,RC,LO13,Blue Box,2
Position Sensor For Guillotine Blade,O-1311,3,RC,LO13,Blue Box,2
Manually Operated Valve,O-0454,1,RC,LO13,Blue Box,2
Electro Pneumatic Valve 10 Bar 2 Position,O-0422,0,RC,LO13,Blue Box,2
Poteniometer Knob (Dial Type) 46mm 6.35mm Shaft,O-0535,9,RC,LO13,Blue Box,2
Potentiometer,O-0534,10,RC,LO13,Blue Box,2
Emergency Interlock AV02,O-0844,7,RC,LO13,Blue Box,2
Emergency Interlock AV03,O-0845,9,RC,LO13,Blue Box,2
Panel Switch,O-0434,4,RC,LO13,Blue Box,2
Grey Cable Mount 2P + E Heavy Duty Power Connector Plug,O-1542,0,RC,LO13,Blue Box,2
Panel Lockls,O-1543,0,RC,LO13,Blue Box,2
Load Cell CRL-5000-E-L For Rollers,O-0455,13,RC,LO13,Blue Box,2
Load Cell CRL-2500-E-L For Rollers,O-0835,6,RC,LO13,Blue Box,2
Load Cell LCJA-500 0-500lb,O-0446,2,RC,LO13,Blue Box,2
Load Cell LCJA-1K 0-1000lb,O-0447,1,RC,LO13,Blue Box,2
Load Cell 0.25 - 5T,O-0432,3,RC,LO13,Blue Box,2
Load Cell Cables,O-0834,3,RC,LO13,Blue Box,2
Inductive Sensor 8mm Detection,O-0523,3,RC,LO13,Blue Box,2
EVK Sensor for CPC,O-0973,0,RC,LO13,Blue Box,2
Sensor Transformer 0-50A CTV-A,O-0440,1,RC,LO13,Blue Box,2
Sensor Transformer 0-100A CTV-C,O-0441,4,RC,LO13,Blue Box,2
Laser Photoelectric Sensor Retroreflective 80mm - 12mm,O-0444,1,RC,LO13,Blue Box,2
Laser Photoelectric Sensor Retroreflective 10mm - 7.2mm,O-0445,0,RC,LO13,Blue Box,2
Laser Photoelectric Sensor Retroreflective 100mm - 4m,O-1545,0,RC,LO13,Blue Box,2
Photoelectric Sensor PZ G42P,O-0350,1,RC,LO13,Blue Box,2
Photoelectric Sensor E3JK 300mm Detection,O-0416,12,RC,LO13,Blue Box,2
Retroreflective Photoelectric Sensor 7.2 Range,O-0504,2,RC,LO13,Blue Box,2
Device Terminal Connector Siemans 22.5,O-0344,13,RC,LO13,Blue Box,2
Inductive Sensor 16mm Detection,O-0450,7,RC,LO13,Blue Box,2
Digital Pressure Indicator,O-0612,6,RC,LO13,Blue Box,2
PT100 Probe Sensor 250mm,O-0537,2,RC,LO13,Blue Box,2
PT100 Probe Sensor 150mm,O-1546,0,RC,LO13,Blue Box,2
Module Controller Control,O-0569,5,RC,LO13,Blue Box,2
13 Amp Fused Plug,O-0428,11,RC,LO13,Blue Box,2
Safety Interlock SwitchL2,O-0843,4,RC,LO13,Blue Box,2
Safety Rated Interlock Switch,O-0500,0,RC,LO13,Blue Box,2
Limit Switch Operating Head (Actuator),O-1548,35,RC,LO13,Blue Box,2
Encoder For Lynx Printer,O-0621,1,RC,LO13,Red Box,2
Rotary Encoder 755/2/HV,O-0539,12,RC,LO13,Red Box,2
Digital Input Module,O-0541,3,RC,LO13,Blue Box,2
DPDT Timer Relay True Off Delay 0.6-60 Sec,O-0498,2,RC,LO13,Blue Box,2
Overload Relay 7A -10A,O-0369,1,RC,LO13,Blue Box,2
Overload Relay 16A - 24Ac,O-1232,1,RC,LO13,Blue Box,2
Overload Relay 5.5A - 8A,O-0414,1,RC,LO13,Blue Box,2
Overload Relay 12.5A - 50A,O-1549,0,RC,LO13,Blue Box,2
Relay Socket 7A 250V (Relay Base),O-0415,12,RC,LO13,Blue Box,2
Minature Relay 5A 24V,O-0597,6,RC,LO13,Blue Box,2
Control SPDT Timer Relay 2-60 sec,O-0373,4,RC,LO13,Blue Box,2
Control SPDT Timer Relay 0.5-10 min,O-0372,2,RC,LO13,Blue Box,2
Terminal Block 12 Way,O-0521,0,RC,LO13,Blue Box,2
Auxiliary Switch Module 415V,O-0366,6,RC,LO13,Red Box,2
Auxiliary Contacts 10A 240V,O-0364,11,RC,LO13,Blue Box,2
Isolator Switch 3 Pole,O-1550,0,RC,LO13,Blue Box,2
Contact UNO PS 1AC 24DC 4.2A (Cooling Unit Flap Vu Mod),O-0494,1,RC,LO13,Blue Box,2
Axil Fans 92-92-25,O-1136,4,RC,LO13,Blue Box,2
Axil Fans 120-120-38 For Plasma Cutter,O-1551,0,RC,LO13,Blue Box,2
Direct Starter Combination 230V 2.6-3.7A Schnieder,O-0347,4,RC,LO13,Blue Box,2
Direct Starter Combination 400 10-14A Schnieder,O-1066,1,RC,LO13,Blue Box,2
"Direct Starter Combination 2.2 kW, 415 V ac, 3 Phase, IP65 Schnieder",O-1642,2,RC,LO14,Blue Box,2
Position Detector Reed Switch,O-0510,4,RC,LO13,Blue Box,2
Adaptable Box LARGE,O-0564,14,RC,LO13,Blue Box,2
Adaptable Box SMALL,O-0565,11,RC,LO13,Blue Box,2
Adaptable Box Heavy Duty Outdoor,O-1552,0,RC,LO13,Blue Box,2
Photocell Kit,O-1088,4,RC,LO13,Blue Box,2
Emergency Stop,O-1106,4,RC,LO13,Blue Box,2
Emergency Stop Guard,O-0921,3,RC,LO13,Blue Box,2
Emergency Stop Guard,O-0922,1,RC,LO13,Blue Box,2
Switched Socket DP Metal Clad 13A Double,O-0484,11,RC,LO13,Blue Box,2
Switched Socket DP Metal Clad 13 A Double With Reset Button RCD,O-1597,0,RC,LO13,Blue Box,2
Metal Clad Double Pole Switch 20A,O-0468,1,RC,LO13,Blue Box,2
Trimming Drum Drive,O-1084,1,RC,LO13,Blue Box,2
Adjustable Capillary Thermostat,O-0536,3,RC,LO13,Blue Box,2
Speed Control Unit,O-0292,1,RC,LO13,Blue Box,2
Tempersture Controler XGHNDZ,O-0900,1,RC,LO13,Blue Box,2
Temperature & Vibration Sensors,O-1005,1,RC,LO13,Blue Box,2
Rotary Isolator 32A,O-1127,1,RC,LO13,Blue Box,2
Rotary Isolator 25A,O-1553,0,RC,LO13,Blue Box,2
Rotary Isolator 63A,O-1172,1,RC,LO13,Blue Box,2
Rotary Isolator 150A,O-1276,1,RC,LO13,Blue Box,2
Siemens Simatic KTP 700 Key Touch Panel,O-1083,2,RC,LO13,Blue Box,2
Siemens Micromaster 440,O-1091,0,RC,LO13,Blue Box,2
Siemens HMI Control Screen - For Guillotine,O-1327,1,RC,LO13,Blue Box,2
Siemens Sinmatic TP700 Control Screen,O-1169,1,RC,LO13,Blue Box,2
High Performance Tension Controller,O-0936,1,RC,LO13,Blue Box,2
Antilia Electro Pnumatic Transducer,O-0573,5,RC,LO13,Blue Box,2
Harsh Environment Wire 1.5 mm,O-0885,0,RC,LO13,Blue Box,2
Glue Dryer Circuit Board Shini,O-0752,1,RC,LO13,Blue Box,2
Terminal Shields,O-1207,30,RC,LO13,Blue Box,2
Siemens Control Unit CU240E-2 DP Line 1 Drives,O-0878,3,RC,LO13,Blue Box,2
Rotary Paddle IP65,O-0505,0,RC,LO13,Blue Box,2
Mini Roto Level Control,O-0289,2,RC,LO13,Blue Box,2
Light Transformer,O-0524,1,RC,LO13,Blue Box,2
Power Supply 20A 24V,O-1205,1,RC,LO13,Blue Box,2
Control Card For Top Vacuum Loader,O-0595,1,RC,LO13,Blue Box,2
Modular Frequency Converter,O-0572,1,RC,LO13,Blue Box,2
Magnetic Starter DOL,O-1209,1,RC,LO13,Blue Box,2
Transformer,O-0761,1,RC,LO13,Blue Box,2
200A Panel Terminal Block,O-1073,1,RC,LO13,Blue Box,2
Low Level Sensor For Hopper,O-1180,1,RC,LO13,Blue Box,2
Guillotine Sensors,O-1554,0,RC,LO13,Blue Box,2
Guillotine Encoder,O-0836,1,RC,LO13,Blue Box,2
Shini Filter Control Board,O-1555,1,RC,LO13,Blue Box,2
Cooling Chamber Flattenning Roller Saftey Switch,O-1556,0,RC,LO13,Blue Box,2
"Fuse Switch Disconnector, SP Pole, 32A Max Current",O-1557,0,RC,LO13,Blue Box,2
Heat Shrink 019.0mm -10.00mm,O-1558,0,RC,LO13,Red box,2
Heat Shrink 4mm - 12mm,O-1559,0,RC,LO13,Red Box,2
Electric DOL Starter 2.2kw 3 Phase For Roof Fans,O-1608,0,RC,LO13,Red Box,2
PT100 Temparature Sensor 0-200° 50mm QDL80A,O-1599,1,RC,LO13,Blue Box,2
Din Rail Sockets 13A,O-1600,0,RC,LO13,Blue Box,2
Solid State Relay 100A,O-1108,5,RC,LO14,Blue Box,2
Solid State Relay 75A,O-0413,0,RC,LO14,Blue Box,2
Solid State Relay 50A,O-0412,5,RC,LO14,Blue Box,2
Solid State Relay 40A,O-0421,1,RC,LO14,Blue Box,2
Solid State Relay 25A,O-0492,4,RC,LO14,Blue Box,2
Contactor 6A,O-0403,4,RC,LO14,Blue Box,2
Contactor 9A,O-0408,4,RC,LO14,Blue Box,2
Contactor 9A,O-0401,6,RC,LO14,Blue Box,2
Contactor 12A,O-0411,1,RC,LO14,Blue Box,2
Contactor 12A,O-1183,3,RC,LO14,Blue Box,2
Contactor 12A,O-0892,1,RC,LO14,Blue Box,2
Contactor 20A,O-1129,6,RC,LO14,Blue Box,2
Contactor 25A,O-0409,2,RC,LO14,Blue Box,2
Contactor 25A (5T Crane),O-0404,1,RC,LO14,Blue Box,2
Contactor 32A,O-0406,9,RC,LO14,Blue Box,2
Contactor 32A,O-1055,2,RC,LO14,Blue Box,2
Contactor 32A,O-0407,3,RC,LO14,Blue Box,2
Contactor 40A,O-1385,1,RC,LO14,Blue Box,2
Contactor 40A,O-0980,2,RC,LO14,Blue Box,2
Contactor 65A For Compressors,O-1408,3,RC,LO14,Blue Box,2
Contactor 80A,O-1128,1,RC,LO14,Blue Box,2
Contactor 95A,O-0410,2,RC,LO14,Blue Box,2
Contactor 95A (Magnetic),O-0374,2,RC,LO14,Blue Box,2
Contactor 55kw,O-0997,2,RC,LO14,Blue Box,2
Mechanical Interlock,O-1071,2,RC,LO14,Blue Box,2
Circuit Breaker 6A Type B Single,O-0383,2,RC,LO14,Blue Box,2
Circuit Breaker 10A Type C Tripple,O-1184,2,RC,LO14,Blue Box,2
Circuit Breaker 16A Type C Tripple,O-1167,2,RC,LO14,Blue Box,2
Circuit Breaker 20A Type C Double,O-0375,11,RC,LO14,Blue Box,2
Circuit Breaker 20A Type C Tripple,O-0981,3,RC,LO14,Blue Box,2
Circuit Breaker 32A Type C Single,O-0381,14,RC,LO14,Blue Box,2
Circuit Breaker 32A Type C Double,O-0380,3,RC,LO14,Blue Box,2
Circuit Breaker 32A Type D Tripple,O-0379,2,RC,LO14,Blue Box,2
Circuit Breaker 40A Type C Single,O-0378,6,RC,LO14,Blue Box,2
Circuit Breaker 40A Type C Tripple,O-0376,10,RC,LO14,Blue Box,2
Circuit Breaker 50A Type C Single,O-0382,10,RC,LO14,Red Box,2
Circuit Breaker 50A 3 Phase Magnetic,O-0849,2,RC,LO14,Red Box,2
Circuit Breaker 63A Type C Single,O-0385,2,RC,LO14,Red Box,2
Circuit Breaker 125A 4 Pole,O-1416,1,RC,LO14,Red Box,2
Circuit Breaker 100A 3 Pole,O-1560,0,RC,LO14,Red Box,2
Circuit Breaker 1.6A -2.5A MCB,O-1126,1,RC,LO14,Blue Box,2
Circuit Breaker 2.5A -4A MCB,O-1125,1,RC,LO15,Blue Box,2
Circuit Breaker 6A - 10A MCB,O-1561,0,RC,LO14,Blue Box,2
Circuit Breaker 9A - 14A MCB,O-0747,1,RC,LO14,Blue Box,2
Circuit Breaker 9A - 14A MCB,O-1562,0,RC,LO14,Blue Box,2
Circuit Breaker 13A - 18A MCB,O-1563,0,RC,LO14,Blue Box,2
Circuit Breaker 20A - 25A MCB,O-1564,0,RC,LO14,Blue Box,2
Circuit Breaker 10A MCB,O-1565,0,RC,LO14,Blue Box,2
Circuit Breaker 1.6A MCB,O-1566,0,RC,LO14,Blue Box,2
Metal Consumer Unit,O-0795,3,RC,LO14,Blue Box,2
Junction Box,O-1068,1,RC,LO14,Blue Box,2
Junction Box,O-0899,3,RC,LO14,Blue Box,2
PWM Current Mode Controller,O-0525,0,RC,LO14,Blue Box,2
Encoder Wheels 6mm Bore 20cm,O-0507,1,RC,LO14,Blue Box,2
Loading System Blower Overload,O-0855,1,RC,LO14,Blue Box,2
Control Box,O-0567,1,RC,LO14,Blue Box,2
Infared Tempreture Sensor PC21 -LT-0,O-0046,2,RC,LO14,Blue Box,2
L2 Pressure Sensors,O-1040,2,RC,LO14,Blue Box,2
L1 Glue Extruder Pressure Sensor,O-0962,1,RC,LO14,Blue Box,2
T Die Temprature Sensor,O-0341,1,RC,LO14,Blue Box,2
Pressure Sensor / Pressure Transmitter (B),O-0467,4,RC,LO14,Blue Box,2
Guillotine Rollers Servo Motor,O-1313,1,RC,LO14,Box,2
Belt SPC 2800 2830 - For 250 Extruder,O-1567,0,RC,LO15,Box,2
Belt SPC 2800 2830 - For 250 Extruder - USE THESE ONES,O-0495,50,RC,LO15,Box,2
Belt SPC 4000 4030,O-0198,21,RC,LO15,Box,2
Belt SPC 3000 3030,O-0196,8,RC,LO15,Box,2
Belt SPC 3000 V Flex,O-0200,8,RC,LO15,Box,2
Belt SPB 2300 2322,O-0209,9,RC,LO15,Box,2
Belt B3200,O-0203,6,RC,LO15,Box,2
Belt SPB 3150 3172,O-0206,3,RC,LO15,Box,2
Belt SPA 1732 1750,O-0213,5,RC,LO15,Box,2
Belt SPB 2060 2082 -For Chamber Blower Belt,O-0850,3,RC,LO15,Box,2
Belt SPB 3000 -For Shreadder,O-0201,6,RC,LO15,Box,2
Belt 440J - For Paxton Blower,O-1053,5,RC,LO15,Box,2
Belt SPZX1787 - For Kongskilde Under Silo,O-1045,6,RC,LO15,Box,2
Belt 440 0 8M 49339,O-0212,6,RC,LO15,Box,2
Belt 1116 J 439 J -For Blade Blower Belt,O-1001,2,RC,LO15,Box,2
Belt A1150 A44 - For Trimming Drum,O-0219,3,RC,LO15,Box,2
Belt SPA 1650 72968 - Wedge Belts For Small Kongskilde Blower Under Silo,O-0486,6,RC,LO15,Box,2
Belt VK2-13/T1 2790 - For CPC Timing Belt,O-1046,4,RC,LO15,Box,2
Belt 500 5M 7280 - For Side Guide,O-1111,3,RC,LO15,Box,2
Belt SPZ 1700-For Kongskilde Blower,O-1275,6,RC,LO15,Box,2
Belt SPB 2680 - For Extractor Blower,O-0204,6,RC,LO15,Box,2
Belt Z30 1/2 10 775,O-1568,0,RC,LO15,Box,2
Belt ST 5413 8M 1120 - For Cesspit Poo Plant Septic Tank,O-1569,2,RC,By Poo Plant,Box,2
Belt ST 0021 1600 8M,O-0225,3,RC,LO15,Blue Box,2
Belt SPA 1457 For T Die Extruder,O-0241,2,RC,LO15,Blue Box,2
Belt ST 1628 8M 720,O-0220,6,RC,LO15,Blue Box,2
Belt 880 8M,O-0228,3,RC,LO15,Blue Box,2
Belt 6221 MC,O-0235,1,RC,LO15,Blue Box,2
Belt 6 4834 For Kaeser,O-0234,1,RC,LO15,Blue Box,2
Belt 173 L For Chopper,O-0236,1,RC,LO15,Blue Box,2
Belt 280H For Chopper,O-0237,1,RC,LO15,Blue Box,2
Belt 1590 B 61 -,O-0239,2,RC,LO15,Blue Box,2
Belt HTC SPA 1657 - For Kongskilde Blower,O-0952,10,RC,LO15,Blue Box,2
Belt SPA 1032 - For Trimming Drum / Granulator,O-1374,12,RC,LO15,Blue Box,2
Belt 1040 8M 30 63872,O-0217,1,RC,LO15,Blue Box,2
Belt Z 790/Z -,O-1570,0,RC,LO15,Blue Box,2
Belt PJ 1549 XG - Granulator Main Drive,O-1571,0,RC,LO15,Blue Box,2
Extruder Barrel Seal Plate - Single Hole,O-1116,19,RC,Extrduer 95 Crate,Blue Box,2
Teflon Rods For Extruder 95 Bibi Couplers,O-1141,3,RC,Extrduer 95 Crate,Blue Box,2
Solenoid Valve,O-0748,7,RC,Extrduer 95 Crate,Blue Box,2
Solenoid Coil,O-0552,3,RC,Extrduer 95 Crate,Blue Box,2
Solenoid Coil For Extruder 95,O-1109,8,RC,Extrduer 95 Crate,Blue Box,2
Lock Nuts For 95 Extruder Shaft / Screw Ends,O-1107,14,RC,Extrduer 95 Crate,Blue Box,2
Bayonet Adaptor For PT100 Thermocouple,O-1149,0,RC,Extrduer 95 Crate,Bag,2
95 Extruder Temperature Probe,O-0957,0,RC,Extrduer 95 Crate,Bag,2
PT100 Thermocouple Sensor For 95 Extruder,O-1148,0,RC,Extrduer 95 Crate,Bag,2
Screw Segments - Single Segments,O-0925,21,RC,Extrduer 95 Crate,Bag,2
Motor - For 5t Crane,O-1027,2,RC,Crane Crate,Bag,2
Motor - Travel Drive For 5t Crane,O-1021,1,RC,Crane Crtae,Bag,2
Motor - Travel Drive For 5t Crane,O-1022,1,RC,Crane Crtae,Bag,2
Motor - Travel Drive For 3.2t Crane,O-1015,1,RC,Crane Crate,Bag,2
Motor - Travel Drive For 3.2t Crane,O-1013,1,RC,Crane Crate,Bag,2
Bearing 6212-2Z C3 - For 5t Crane Main Running Bearing,O-1098,10,RC,Crane Crate,Bag,2
Brake Plate LR76927 For 5t Crane,O-1025,1,RC,Crane Crate,Bag,2
Brake Plate On Brake Side AN9304 For 3.2t Crane,O-1020,1,RC,Crane Crate,Bag,2
Brake Plate AN12880 For 5t Crane,O-1024,2,RC,Crane Crate,Bag,2
Remote for 5t Crane,O-1178,2,RC,Crane Crate,Bag,2
Remote for 3.2t Crane,O-1179,1,RC,Crane Crate,Bag,2
Wire Rope for 5t Crane,O-1170,2,RC,Crane Crate,Bag,2
Chain Guide For 3.2t Crane,O-1017,1,RC,Crane Crate,Bag,2
Rope Guide 191 for5t Crane,O-1023,4,RC,Crane Crate,Bag,2
Steel Chain for 3.2t Crane,O-1018,1,RC,Crane Crate,Bag,2
Contactor LC1DT25E7 (5T Crane) - H,O-0404,1,RC,Crane Crate,Bag,2
Contactor LC1D128E7 - LT,O-0405,0,RC,Crane Crate,Bag,2
Contactor LC1D09E7,O-0402,0,RC,Crane Crate,Bag,2
Motor PM8622,O-0667,1,RC,Conveyers Motors A Crate,Bag,2
Motor PM8784,O-0666,1,RC,Conveyers Motors A Crate,Bag,2
Motor PM8362,O-0659,1,RC,Conveyers Motors A Crate,Bag,2
Motor PM8782,O-0660,1,RC,Conveyers Motors A Crate,Bag,2
Motor PM9967,O-0665,2,RC,Conveyers Motors A Crate,Bag,2
Motor PM8471,O-0662,1,RC,Conveyers Motors A Crate,Bag,2
Motor PM8390,O-0658,0,RC,Conveyers Motors B Crate,Bag,2
Motor PM9967,O-0665,2,RC,Conveyers Motors B Crate,Bag,2
Motor,O-0663,1,RC,Conveyers Motors B Crate,Bag,2
Motor P8783,O-0664,1,RC,Conveyers Motors B Crate,Bag,2
Mandrel Brake Shaft,O-0967,6,RC,Madrel Crate,Bag,2
Mandrel Brake Sprocket (Duplex),O-1225,5,RC,Madrel Crate,Bag,2
Mandrel Brake Discs,O-0159,0,RC,Madrel Crate,Bag,2
Mandrel Sprocket (Duplex),O-0995,1,RC,Madrel Crate,Bag,2
Coil Mandrel Sprocket Duplex NEW ONE,O-0994,3,RC,Mandrel Crate,Bag,2
Mandrel Lifting Ram,O-1219,2,RC,Madrel Crate,Bag,2
Mandrel Clamping Ram,O-1218,0,RC,Madrel Crate,Bag,2
Mandrel SPA Pnumatic Brake Unit,O-0322,8,RC,Mandrel Crate,Bag,2
Mandrel Brake Pads SPA Extreme (Red) - NEW,O-0519,35,RC,Madrel Crate,Bag,2
Mandrel SPA Brake Unit Axil Fans,O-0963,0,RC,Madrel Crate,Blue Box,2
PF Mandrel Brake Disc NAB 5T with Fins,O-0984,0,RC,Madrel Crate,Blue Box,2
PF Mandrel Brake Unit COMPLETE,O-1239,2,RC,Madrel Crate,Blue Box,2
PF Mandrel Brake Unit NO NAB 5 ATTACHED,O-1239B,6,RC,Madrel Crate,Blue Box,2
Mandrel Clamp Bearing Housing,O-1121,0,RC,Mandrel Crate,Blue Box,2
64 Loading System Rotary Valve,O-1039,2,RC,Loading System Crate,Blue Box,2
Rotary Unit Motor,O-1086,1,RC,Loading System Crate,Blue Box,2
Solenoid For Shini Loading,O-0893,0,RC,Loading System Crate,Blue Box,2
Solenoid For Vacuum Loaders,O-0596,3,RC,Loading System Crate,Blue Box,2
Circuit Breaker MCCB 3P 32A For Loading System,O-0840,2,RC,Loading System Crate,Blue Box,2
Shini Loading System Rams,O-1087,3,RC,Loading System Crate,Bag,2
Control Cards Phase Hopper Loading,O-0580,0,RC,Loading System Crate,Blue Box,2
Lamination Roller Bearing Blocks 150mm,O-0966,0,RC,Lamination Crate,Blue Box,2
Seals 130-160-12,O-0263,39,RC,Lamination Crate,Bag,2
Flange Connected to Duel Flow Rotary Union LEFT HAND,O-1638,1,RC,Lamination Crate,Bag,2
Flange Connected to Dule Flow Rotary Union RIGHT HAND,O-1639,1,RC,Lamination Crate,Bag,2
Rotary Union LEFT HAND Single Flow - TSF,O-1057,0,RC,Lamination Crate,Bag,2
Rotary Union RIGHT HAND Single Flow - TSF,O-1056,0,RC,Lamination Crate,Bag,2
Gasket Seal For Rotary Unions For Lamination Roller,O-1220,15,RC,Lamination Crate,Bag,2
Seals For Rotary Unions,O-1226,0,RC,Lamination Crate,Bag,2
Lamination Roller Flange New Style Extra Holes Right Hand RH,O-1636,1,RC,Lamination Crate,Bag,2
Lamination Roller Flange New Style Extra Holes Right Hand LH,O-1637,1,RC,Lamination Crate,Bag,2
Large Pnumatic Ram 10 bar,O-1258,12,RC,Rams Crate,Bag,2
Large Pnumatic Ram 10 bar,O-0096,2,RC,Rams Crate,Bag,2
Medium Phumatic Ram 1 Mpa,O-1158,4,RC,Rams Crate,Bag,2
Large Phumatic Ram 1 Mpa,O-0960,1,RC,Rams Crate,Bag,2
Pnumatic Ram P Max 1.2 Mpa,O-1664,4,RC,Rams Crate,Bag,2
Pnumatic Ram 1-10 bar,O-1398,1,RC,Rams Crate,Bag,2
Pnumatic Ram P Max 10 bar Stroke 300,O-1409,0,RC,Rams Crate,Bag,2
Pnumatic Ram P Max 10 bar Stroke 100,O-0295,3,RC,Rams Crate,Bag,2
Chambers 2 & 3 Lifting Motors Cooling,O-1150,2,RC,Rams Crate,Bag,2
Take Off Roller Ram,O-0298,2,RC,Rams Crate,Bag,2
Pulley od 150mm 35mm wide 2 track bore 65mm - FOR BLOWER,O-1221,0,RC,Cogs Bushes & Pulleys Crate,Bag,2
Bush od 55mm - 45mm bore 40mm height 25mm,O-0163,1,RC,Cogs Bushes & Pulleys Crate,HTC Box,2
Bush od 70mm - 65mm bore 45mm height 30mm,O-0162,4,RC,Cogs Bushes & Pulleys Crate,HTC Box,2
T-Die Temperature Sensor KT100 GMA Unit,O-1097,7,RC,T-Die Crate,HTC Box,2
T-Die Temperature Sensor KT100 Ali Express Unit,O-1601,26,RC,T-Die Crate,HTC Box,2
Connector For T-Die Thermocouple Tempareture Sensor,O-1103,49,RC,T-Die Crate,HTC Box,2
T-Die Heavy Duty Power Connector Insert 16A Female 24 Contacts,O-1641,4,RC,T-Die Crate,HTC Box,2
"HARTING Heavy Duty Power Connector Insert, 16A, Male, Han E Series, 24 Contacts",O-1295,3,RC,T-Die Crate,HTC Box,2
T-Die Sides,O-1190,0,RC,T-Die Crate,HTC Box,2
Glue Channel Bolt M30 x 160,O-1191,0,RC,T-Die Crate,HTC Box,2
Lip Bolt Nut M14,O-1200,0,RC,T-Die Crate,HTC Box,2
Grub Screw M8 x 10,O-1199,0,RC,T-Die Crate,HTC Box,2
Adjusting Nut M24 x 60,O-1198,0,RC,T-Die Crate,HTC Box,2
Lamination Roller Duel Flow 37mm,O-1604,2,DC Wearhouse 01,01-R13-B14-L01,HTC Box,2
Lamination Roller Single Flow 10mm,O-1605,0,DC Wearhouse 01,End of Right Hand Side Racking,HTC Box,2
